{
  "images" : [
    {
      "idiom" : "universal",
      "filename" : "ClipboardFinalImage__1465364971_74432__1465364971_98767.png",
      "scale" : "1x"
    },
    {
      "idiom" : "universal",
      "filename" : "ClipboardFinalImage__1465364971_74432__1465364971_93404.png",
      "scale" : "2x"
    },
    {
      "idiom" : "universal",
      "filename" : "ClipboardFinalImage__1465364971_74432__1465364971_51067.png",
      "scale" : "3x"
    }
  ],
  "info" : {
    "version" : 1,
    "author" : "xcode"
  }
}